MSE,RMSE,LogRMSE,AbsRel,SqureREL,SSIM,A1,A2,A3,time
0.1869877725839615,0.43242082811072075,0.4757366180419922,0.6658708453178406,0.4078342914581299,0.0,0.053453119014853806,0.6991324641423241,0.9855789010739568,0.3357975482940674
0.14928145706653595,0.3863695861044655,0.5412815809249878,0.6877276301383972,0.48221269249916077,0.0,0.47939988175009857,0.7844649191959007,0.9410721324398896,0.08937287330627441
0.13179591298103333,0.36303706832916294,0.3660414218902588,0.3621751070022583,0.29200875759124756,0.0,0.7442038378987186,0.9301379178443164,0.9634698344560851,0.07707381248474121
0.0457003079354763,0.21377630349380705,0.2929191291332245,0.2886631488800049,0.10620509088039398,0.0,0.5707330343254535,0.9409959333998312,0.9943116424739996,0.07672762870788574
0.03658704459667206,0.19127740221121797,0.2287558913230896,0.18527860939502716,0.05783894658088684,0.0,0.7434657323422509,0.9890271456170798,0.9926749402403484,0.07686853408813477
0.0680471882224083,0.2608585598028332,0.298610121011734,0.26322704553604126,0.10029127448797226,0.0,0.6347985803076448,0.972170269063265,0.9828414665677225,0.07680392265319824
0.011087961494922638,0.10529938981267953,0.2406710386276245,0.18697552382946014,0.028477193787693977,0.0,0.8053735786198201,0.9425664081930109,0.9910350385396945,0.0768134593963623
0.11307063698768616,0.3362597760477547,0.35495373606681824,0.45155173540115356,0.5167208909988403,0.0,0.8014226481157284,0.9665603980466231,0.9837427439417673,0.07689023017883301
0.15888050198554993,0.39859817107652407,0.23345884680747986,0.16471542418003082,0.1121683195233345,0.0,0.8152099128740659,0.9384907254136609,0.9878302985715162,0.07640457153320312
0.05217628926038742,0.228421297738165,0.3657333254814148,0.2965126633644104,0.07819992303848267,0.0,0.30214898509537885,0.7642915530294349,0.9953437383020497,0.07712435722351074
0.042821452021598816,0.20693344829098753,0.26144537329673767,0.20915240049362183,0.09490429610013962,0.0,0.915770391114358,0.9772887157216879,0.9847294938917975,0.07690930366516113
0.33941444754600525,0.5825928660273872,0.3985447883605957,0.46681806445121765,0.550950288772583,0.0,0.4810903332882897,0.9239975191348849,0.9820449119743321,0.07715129852294922
0.002888861345127225,0.05374812875930868,0.15027156472206116,0.11033397912979126,0.00945005752146244,0.0,0.9286608260325406,0.9901161173689333,0.9971422611597831,0.07675600051879883
0.25227999687194824,0.5022748220565593,0.40680593252182007,0.4904542565345764,0.37526288628578186,0.0,0.3265634953348072,0.8235395510922922,0.9759395960580057,0.0850987434387207
0.07289288938045502,0.2699868318649171,0.30801060795783997,0.25147148966789246,0.0759337991476059,0.0,0.3906921725909615,0.9639266802977876,0.9948096885813149,0.07684803009033203
0.05580899864435196,0.23623928260209384,0.6041328310966492,1.0248935222625732,0.7749677300453186,0.0,0.8062782512680722,0.9174588523515407,0.9335038473482626,0.07717347145080566
0.032803189009428024,0.18111650672820526,0.1967068761587143,0.1497824490070343,0.07426320016384125,0.0,0.8588455978522751,0.985117367660219,0.9963722723205066,0.07687568664550781
0.6901789307594299,0.8307700829708722,0.4899178147315979,0.6855577230453491,1.088594675064087,0.0,0.3057006602311334,0.7314710173577459,0.9395190494351122,0.07657623291015625
0.002204564865678549,0.04695279401354672,0.13427719473838806,0.09991417825222015,0.006846881005913019,0.0,0.9658398900625135,0.9896226287993102,0.9974704947186894,0.07643485069274902
0.14128677546977997,0.3758813316324448,0.3095846474170685,0.30437150597572327,0.41321685910224915,0.0,0.8205691229851853,0.9770264799324793,0.983088936616964,0.09373641014099121
0.037136562168598175,0.19270849013107383,0.21572645008563995,0.19942696392536163,0.06451505422592163,0.0,0.7546864499122412,0.9957849681262683,0.9969463855775442,0.07701325416564941
0.0836910530924797,0.2892940598983666,0.2497624009847641,0.21135194599628448,0.06396497040987015,0.0,0.4915976647336357,0.9981896150327074,0.9988929300559721,0.07667708396911621
0.15500791370868683,0.3937104439923925,0.3488222658634186,0.3187238276004791,0.1555531769990921,0.0,0.07978036175710594,0.9690788246889901,0.9831408668318282,0.07658624649047852
0.03715433552861214,0.19275459924113908,0.26338908076286316,0.2781367599964142,0.10330935567617416,0.0,0.6274236197606187,0.9900457582075038,0.9933793801661149,0.07662653923034668
0.15544231235980988,0.3942617307827503,0.339189350605011,0.29858481884002686,0.20656049251556396,0.0,0.586814514477618,0.9107077036490969,0.9864370452280515,0.07644200325012207
0.5126066207885742,0.7159655164800706,0.44594672322273254,0.5380855202674866,0.6753028631210327,0.0,0.3866560032670841,0.6813095562210727,0.913503947726654,0.07645654678344727
0.09871340543031693,0.31418689570113667,0.4030449092388153,0.4268154501914978,0.20028924942016602,0.0,0.045707848065018104,0.9800981902992807,0.9851847944446747,0.07627153396606445
0.112940713763237,0.33606653175113554,0.2777320444583893,0.2272864282131195,0.10803873836994171,0.0,0.5829587636264002,0.9772974877191152,0.9949636955514819,0.07681035995483398
0.09078314155340195,0.30130240880783205,0.6033275723457336,0.9998233318328857,0.7939779162406921,0.0,0.5744488265339109,0.9238723303377082,0.9390745889097217,0.07731389999389648
0.24366186559200287,0.4936211761989176,0.3116399347782135,0.3118547201156616,0.30241405963897705,0.0,0.6438423539210477,0.9438121975386647,0.9876789637692606,0.07647013664245605
0.12228095531463623,0.3496869390106474,0.5001863241195679,0.7133976817131042,0.6543617844581604,0.0,0.6236609119079238,0.9247196399586838,0.9619743249225321,0.0768125057220459
0.8373435735702515,0.9150647920066926,0.5178579092025757,0.6766485571861267,0.7758459448814392,0.0,0.13918267985704666,0.4031974586074136,0.9453566064121821,0.07735824584960938
0.11113482713699341,0.333368905474091,0.263619989156723,0.20773179829120636,0.10880614072084427,0.0,0.6252310999641706,0.9671443926907918,0.9951916875671802,0.07959198951721191
0.26982080936431885,0.5194427873830946,0.3949302136898041,0.4349224865436554,0.39904627203941345,0.0,0.5472765849104643,0.8003802087753543,0.9231978273784266,0.07657790184020996
0.020148124545812607,0.14194408950644125,0.26649633049964905,0.23981085419654846,0.1457461416721344,0.0,0.9505407593324594,0.984510539133498,0.987680916428719,0.07683682441711426
0.13329754769802094,0.3650993668825255,0.3633444011211395,0.4108850955963135,0.281451940536499,0.0,0.4956180828055542,0.8787012053794726,0.9814155987798263,0.07685208320617676
0.08002451062202454,0.28288603822391895,0.5404655337333679,0.848747968673706,0.6657307147979736,0.0,0.69796072172718,0.9203307177372878,0.9543423327570155,0.076934814453125
0.028404956683516502,0.16853770107461566,0.3365895748138428,0.36758148670196533,0.19782693684101105,0.0,0.7352342368280343,0.9776285663362536,0.9828418267319267,0.07731342315673828
0.03848264366388321,0.19616993567793004,0.5350468158721924,0.7933472394943237,0.46756312251091003,0.0,0.8117871153540897,0.9286605138438513,0.9473910973037938,0.07706737518310547
0.35772305727005005,0.5980995379283034,0.36153408885002136,0.40223783254623413,0.3263922929763794,0.0,0.2872204607312214,0.8496029630461012,0.9749852689469402,0.07697319984436035
0.0319049246609211,0.17861949686672252,0.4346734285354614,0.5377522706985474,0.3191622197628021,0.0,0.8436769730655718,0.9628243443286876,0.9676191008202292,0.07706499099731445
0.056016698479652405,0.23667847067203304,0.575696587562561,0.9079950451850891,0.64864581823349,0.0,0.7576895216879951,0.9183107587098583,0.9379308196185031,0.07751321792602539
0.21494312584400177,0.4636195917387463,0.31131723523139954,0.27899548411369324,0.22174867987632751,0.0,0.6369774211697938,0.942072946989897,0.9856230757671596,0.07670068740844727
0.024969425052404404,0.15801716695474705,0.2684747278690338,0.24034656584262848,0.21058788895606995,0.0,0.9748601504492242,0.9851883052009761,0.9877468470757781,0.08205795288085938
0.10805528610944748,0.3287176388778787,0.4949532747268677,0.5912321209907532,0.37536412477493286,0.0,0.498736770228747,0.909976859754941,0.9412237775501688,0.07688331604003906
0.04515219107270241,0.21249044936820669,0.22028087079524994,0.1939597725868225,0.09406266361474991,0.0,0.8301055900826775,0.9949241267875649,0.9956956065387048,0.07669997215270996
0.11299074441194534,0.33614095914057446,0.43253418803215027,0.4943169951438904,0.28870779275894165,0.0,0.49211341803532693,0.9057948559033158,0.9697977998140688,0.07698225975036621
0.2734569311141968,0.522931095952609,0.30467361211776733,0.2845020294189453,0.23718392848968506,0.0,0.5714999596382045,0.9582043998201017,0.9809184807051398,0.07675957679748535
0.028667638078331947,0.1693152033289744,0.23189452290534973,0.18066036701202393,0.08677124232053757,0.0,0.8599079009140869,0.988145867277899,0.9914563254259755,0.07717704772949219
0.4373127222061157,0.6612962439074607,0.7033522129058838,1.328421711921692,1.5162245035171509,0.0,0.2797063446073547,0.6158425500160501,0.7992020777661513,0.09089541435241699
0.01637507602572441,0.12796513597743883,0.2690815329551697,0.21303923428058624,0.06505276262760162,0.0,0.8267159733609987,0.9392724473745858,0.9886282252936649,0.07710576057434082
0.013144832104444504,0.11465091410208862,0.2301248162984848,0.14697164297103882,0.06734836101531982,0.0,0.9544893519812884,0.9736169168138455,0.9826283524381678,0.0771944522857666
0.0007480242638848722,0.027350032246505163,0.05479888617992401,0.04507266357541084,0.0015623682411387563,0.0,1.0,1.0,1.0,0.07709336280822754
0.014267271384596825,0.11944568382573237,0.20519685745239258,0.16302640736103058,0.055954840034246445,0.0,0.9311803566680914,0.9904792033358125,0.9932624125409321,0.07728099822998047
0.027309894561767578,0.16525705601204319,0.3043832778930664,0.2814076244831085,0.10192561894655228,0.0,0.6878318591845269,0.9805391273179628,0.9867695583878892,0.07699346542358398
0.37427711486816406,0.611781917735531,0.5202822685241699,0.7685799598693848,0.9271457195281982,0.0,0.261938558065826,0.7225230793556108,0.9497410871822882,0.07718181610107422
0.045160502195358276,0.2125100049300227,0.2197810411453247,0.1907293051481247,0.044885046780109406,0.0,0.6005826822916667,0.9925227864583334,1.0,0.07716751098632812
0.5061546564102173,0.7114454697376442,0.4580802023410797,0.5452318787574768,0.4120703339576721,0.0,0.019031812479738397,0.5571306750109236,0.9742096212665793,0.07676577568054199
0.052818164229393005,0.22982202729371484,0.37791261076927185,0.41298598051071167,0.2468961924314499,0.0,0.7318983065195726,0.939568029736916,0.9805063125531497,0.09109306335449219
0.026102446019649506,0.16156251427744464,0.2664124667644501,0.22933480143547058,0.10494925081729889,0.0,0.7915277710118099,0.9861579896028339,0.9897976936941952,0.0769805908203125
0.0005567421903833747,0.023595384938232617,0.0455675832927227,0.036887481808662415,0.001116227707825601,0.0,1.0,1.0,1.0,0.07733607292175293
0.08888200670480728,0.298130855002979,0.33442002534866333,0.3741336762905121,0.2037956267595291,0.0,0.4803385154847199,0.9236082448769372,0.9924013927252331,0.07738637924194336
0.026354581117630005,0.16234094097802318,0.25481322407722473,0.2051939070224762,0.08412540704011917,0.0,0.8290039976789967,0.9805526978103541,0.9884163424263028,0.07694125175476074
0.038606543093919754,0.19648547807387637,0.46649169921875,0.6610031127929688,0.5442237854003906,0.0,0.9286782822949665,0.9606012607596557,0.9657010975648779,0.07680797576904297
0.1720680147409439,0.4148108180133974,0.3411511778831482,0.39092153310775757,0.2354273498058319,0.0,0.36044053429666384,0.9123024208414936,0.993421074884742,0.07697772979736328
0.052316952496767044,0.22872899356392717,0.2725173234939575,0.21167799830436707,0.0764852836728096,0.0,0.7238854850374575,0.9662063507225414,0.9781020154742573,0.0770254135131836
0.04101214185357094,0.20251454726406926,0.3638267517089844,0.39635175466537476,0.1675097942352295,0.0,0.5723902455353407,0.9393408874085728,0.9825464040035483,0.0765688419342041
0.0773857906460762,0.2781830164587267,0.3312782943248749,0.2758610248565674,0.08491401374340057,0.0,0.261595884804161,0.9582147272537401,0.9836012006023224,0.07666707038879395
0.024196138605475426,0.1555510803738612,0.19724439084529877,0.15524253249168396,0.04866022244095802,0.0,0.8552893279049589,0.9951344857505172,0.9963725555629713,0.07721138000488281
0.041948992758989334,0.20481453258738583,0.41047921776771545,0.522946834564209,0.2850290536880493,0.0,0.6747504211466495,0.9623059616276046,0.9769547045943614,0.07678890228271484
0.05693717300891876,0.23861511479560293,0.24199612438678741,0.20316560566425323,0.07686595618724823,0.0,0.6910164378378917,0.9906609982178237,0.9949090160860489,0.07679986953735352
0.01033437717705965,0.10165813876448679,0.12710535526275635,0.11201746761798859,0.012462660670280457,0.0,0.9681087239583334,1.0,1.0,0.07724595069885254
0.054073039442300797,0.2325361035243792,0.2947423756122589,0.2341756671667099,0.09223060309886932,0.0,0.7228340179205879,0.9658607601518224,0.9775143416696996,0.07703757286071777
0.0305293258279562,0.1747264313947841,0.26178425550460815,0.21940653026103973,0.03987165167927742,0.0,0.40971946289771216,0.9908446981016212,0.9936917736919707,0.07640933990478516
0.0346759557723999,0.18621481082985827,0.2735728919506073,0.2591322958469391,0.11209892481565475,0.0,0.7379563376774301,0.9821399518552336,0.9924628538225284,0.07634258270263672
0.22776877880096436,0.47725127427903674,0.5437572598457336,0.7881894707679749,0.5810711979866028,0.0,0.05803122328390391,0.4961254150114847,0.9651853861023083,0.0769500732421875
0.033907078206539154,0.1841387471624024,0.3401144742965698,0.3635633587837219,0.1462785303592682,0.0,0.5621728668968642,0.9425456619220974,0.9882857053575613,0.07686090469360352
0.019084254279732704,0.13814577184891583,0.2379913181066513,0.21929745376110077,0.08117732405662537,0.0,0.9409579640291292,0.9909723048080085,0.9930464711190704,0.07695508003234863
0.02454240433871746,0.15666015555564045,0.3163661062717438,0.30195125937461853,0.13769112527370453,0.0,0.8280323693951961,0.9779391299507362,0.9839544657518996,0.07686543464660645
0.24461109936237335,0.49458174184089465,0.30009758472442627,0.21522565186023712,0.15128885209560394,0.0,0.6928698828344408,0.8798486406233064,0.959230195670097,0.0912327766418457
0.015747802332043648,0.12549024795594138,0.21976472437381744,0.1813618391752243,0.08003628253936768,0.0,0.9694085560444813,0.9902046927499965,0.9926403396550028,0.07731056213378906
0.028939571231603622,0.1701163461622769,0.2731214165687561,0.27343466877937317,0.11108169704675674,0.0,0.9107360379890574,0.9759712329238498,0.990165513918998,0.07652974128723145
0.05983621999621391,0.2446144312918065,0.2377878874540329,0.18424832820892334,0.08643272519111633,0.0,0.7302951783445196,0.9834445325485799,0.995255647604102,0.07683444023132324
0.48521697521209717,0.6965751755640572,0.44446760416030884,0.481153666973114,0.4458804726600647,0.0,0.5081069561361597,0.741952337903844,0.8620940936261485,0.07689452171325684
0.5912378430366516,0.768919919781411,0.5373654961585999,0.7385972142219543,0.7101278901100159,0.0,0.01879471951299565,0.5178532560815082,0.9279063580739558,0.07680082321166992
0.03879158943891525,0.19695580580149258,0.24748748540878296,0.23057706654071808,0.09781064838171005,0.0,0.7712293835382962,0.9927399900359232,0.9944083173820699,0.07667136192321777
0.06865065544843674,0.2620127009296243,0.3421567380428314,0.40976640582084656,0.2570687532424927,0.0,0.6189030068300767,0.9810453019942912,0.9850361648188338,0.07706332206726074
0.03513530641794205,0.18744414212757368,0.3842627704143524,0.46882307529449463,0.23567987978458405,0.0,0.6333330861524316,0.9706386165779287,0.9784173995580405,0.07664752006530762
0.039549730718135834,0.19887114098867092,0.3346370458602905,0.3608348071575165,0.21761919558048248,0.0,0.7470319209515044,0.974962484913384,0.9836831756923727,0.07712125778198242
0.20996902883052826,0.45822377593325325,0.48681575059890747,0.7227691411972046,0.6252883076667786,0.0,0.21466839091077036,0.8169825476837697,0.9771374280360583,0.07712268829345703
0.15381230413913727,0.39218911782345167,0.3332546055316925,0.31569546461105347,0.30157744884490967,0.0,0.7777149610214459,0.9345214782220739,0.9809756047721058,0.07724237442016602
0.11878158152103424,0.3446470390428942,0.4025816321372986,0.4148314595222473,0.36839544773101807,0.0,0.7438227154395339,0.8899018544682045,0.9533765962760117,0.09587430953979492
0.13376615941524506,0.3657405629886369,0.34220024943351746,0.3587055504322052,0.27597153186798096,0.0,0.5541016162983265,0.9616856022607093,0.9869519531263283,0.07684755325317383
0.12603630125522614,0.35501591690405393,0.41568270325660706,0.498952180147171,0.35359787940979004,0.0,0.4037779311821447,0.9212592611733957,0.9648195386302139,0.07668423652648926
0.04516512155532837,0.21252087322267516,0.35276246070861816,0.38153576850891113,0.19524218142032623,0.0,0.6123886079812116,0.9524495621574225,0.9855455939555706,0.07687973976135254
0.08511801809072495,0.2917499238915495,0.4012564718723297,0.36453530192375183,0.12154800444841385,0.0,0.04941368840596432,0.9167262813306652,0.9898726498910453,0.0911705493927002
0.20466871559619904,0.4524032665622553,0.36425966024398804,0.36951887607574463,0.29342401027679443,0.0,0.5294207534483812,0.91999959251034,0.960667060573338,0.07687902450561523
0.16131913661956787,0.40164553603839276,0.3741965889930725,0.4235822260379791,0.3970699906349182,0.0,0.5791452877792185,0.9065460952824229,0.965786392130353,0.0772864818572998
0.06638562679290771,0.25765408359447306,0.42697837948799133,0.5553902983665466,0.4785132110118866,0.0,0.7831998244266433,0.9592377190094736,0.9713339917334212,0.07672476768493652
0.18130189180374146,0.42579559861950367,0.2893918752670288,0.21829469501972198,0.11623448133468628,0.0,0.4850797240459749,0.9193282199265996,0.9966012294398892,0.07681775093078613
0.3330408036708832,0.5770968754644953,0.39951014518737793,0.4207988381385803,0.38445916771888733,0.0,0.4421435921243638,0.7968313140726934,0.9800025637738752,0.07696127891540527
0.408527672290802,0.639161694949566,0.41739556193351746,0.44982588291168213,0.3374243974685669,0.0,0.3098502604166667,0.6442220052083333,0.8987434895833334,0.07695913314819336
0.023244325071573257,0.15246089686071396,0.2890607714653015,0.27579018473625183,0.21169184148311615,0.0,0.928116596670393,0.9835710185213161,0.9858106474907091,0.07713603973388672
0.45098263025283813,0.6715524032068072,0.45748481154441833,0.3779313564300537,0.2869461476802826,0.0,0.16027537687753066,0.6399872459912299,0.9405532908428275,0.07648587226867676
0.09366361051797867,0.30604511190015543,0.3084966540336609,0.28841134905815125,0.23906250298023224,0.0,0.7594745327603983,0.9706889751520561,0.9851853389519717,0.07743096351623535
0.2176034152507782,0.46647981226498775,0.463714599609375,0.6247854232788086,0.6151592135429382,0.0,0.5176403215905858,0.9003001811567081,0.9700043417723414,0.07670998573303223
0.09581893682479858,0.30954634035116385,0.32021364569664,0.33971136808395386,0.3456420600414276,0.0,0.8231320914826931,0.9791515541382095,0.9857862392729562,0.07695412635803223
0.0339815616607666,0.18434088439835206,0.23455467820167542,0.17624402046203613,0.07867506146430969,0.0,0.8450774629459403,0.9829742550607559,0.9914820952904945,0.07657170295715332
0.11606118083000183,0.34067753202992684,0.31169867515563965,0.30722033977508545,0.2762759327888489,0.0,0.8347589303345563,0.9786905293936276,0.9855361665125013,0.07692122459411621
0.1836162954568863,0.4285047204604475,0.3579493463039398,0.34758561849594116,0.2948510944843292,0.0,0.5605014920307174,0.925020153021539,0.9841781102829908,0.07718539237976074
0.11136424541473389,0.3337128187749669,0.23706211149692535,0.16206827759742737,0.06648126244544983,0.0,0.6902594083965117,0.9092086888303673,0.9991113252321785,0.07729744911193848
0.07650874555110931,0.2766021430703481,0.3761444389820099,0.43650493025779724,0.47251564264297485,0.0,0.8939333827816397,0.9694616459386266,0.9749435081848447,0.07744908332824707
0.1477224975824356,0.3843468454175676,0.485058456659317,0.708702027797699,0.6707566976547241,0.0,0.5516482037439293,0.8688914395097823,0.9698810721082128,0.07731199264526367
0.02258259803056717,0.15027507454853306,0.24979400634765625,0.23664535582065582,0.077215276658535,0.0,0.7404922470741402,0.9900152234261664,0.9953468667984653,0.07646679878234863
0.6228044033050537,0.789179576082056,0.3504629135131836,0.30538228154182434,0.2401639074087143,0.0,0.36081648598495947,0.8033271478334473,0.9825145684799947,0.07716226577758789
0.5341315269470215,0.7308430248329811,0.3738355338573456,0.31590643525123596,0.2364116758108139,0.0,0.33615455980728853,0.7671576685818454,0.9886391380068035,0.07710504531860352
0.179752379655838,0.4239721449055799,0.34804555773735046,0.3247329890727997,0.24064187705516815,0.0,0.5667381703470031,0.8810130689499774,0.9828427219468229,0.0921025276184082
0.105148546397686,0.32426616597740504,0.3986471891403198,0.4574812054634094,0.36786678433418274,0.0,0.7502988180087653,0.950798323667862,0.977142266885062,0.07703161239624023
0.05401283875107765,0.23240662372462118,0.3428814709186554,0.32455483078956604,0.11785507947206497,0.0,0.40955520122912564,0.9789860606791455,0.9885171438907722,0.07709670066833496
0.03357511758804321,0.18323514288488224,0.28825193643569946,0.27700570225715637,0.1788078397512436,0.0,0.8738559674586299,0.984155231844055,0.9874536113789142,0.07703971862792969
0.04626363515853882,0.21508983043960683,0.3165108859539032,0.24811404943466187,0.11674841493368149,0.0,0.7772439455137657,0.9438504179906627,0.9700034128448879,0.07686185836791992
0.03298090770840645,0.18160646383982715,0.28222694993019104,0.2356565296649933,0.0813436433672905,0.0,0.7980199941764534,0.9239257397410195,0.9922084963535897,0.08406448364257812
0.030097894370555878,0.1734874472996703,0.32363858819007874,0.31433549523353577,0.12721651792526245,0.0,0.7508868883144665,0.9509225421160531,0.9793849719226313,0.07700467109680176
0.0788114070892334,0.2807336942535281,0.29858705401420593,0.23375046253204346,0.07654085010290146,0.0,0.411673735725938,0.9255040783034257,0.9982381729200652,0.07712793350219727
0.04959935322403908,0.22270912245356964,0.2345222383737564,0.20217372477054596,0.06777454912662506,0.0,0.8542024584814948,0.9856533088284257,0.9920458934302875,0.07687568664550781
0.04014488309621811,0.20036188034708127,0.3767065703868866,0.4896586537361145,0.31289443373680115,0.0,0.7725451743941728,0.9774863426250175,0.9812403697996919,0.0767974853515625
0.019437067210674286,0.13941688280360556,0.34606337547302246,0.3632986843585968,0.1702340990304947,0.0,0.9048545239460334,0.9702371016554296,0.9766853667564174,0.07685470581054688
0.04243244230747223,0.20599136464296805,0.34538453817367554,0.36002904176712036,0.2371169775724411,0.0,0.9086987165219972,0.9675866162178203,0.979111951925217,0.07677197456359863
0.11893995851278305,0.3448767294451498,0.39673352241516113,0.4046410322189331,0.2183818519115448,0.0,0.21445360475457742,0.9471815576605447,0.985113711760803,0.0902411937713623
0.07287456095218658,0.26995288654168265,0.27862676978111267,0.2538655400276184,0.211044579744339,0.0,0.9065538404936703,0.9820860578289881,0.9867351204909945,0.07682538032531738
0.06560342758893967,0.2561316606531486,0.36861130595207214,0.40783703327178955,0.37367793917655945,0.0,0.8702430288895416,0.9741363750579525,0.9781107662470493,0.07688570022583008
0.25061947107315063,0.5006190878034422,0.4707190692424774,0.5546339154243469,0.5251221060752869,0.0,0.38991760525586566,0.9430462554061686,0.9689011578759062,0.07747554779052734
0.2926563322544098,0.5409772012334806,0.5081084370613098,0.5958330631256104,0.5672352313995361,0.0,0.4756309804223078,0.7925330779822606,0.9608830580620811,0.07710671424865723
0.23923136293888092,0.4891128325232133,0.34409329295158386,0.3020435571670532,0.2645551860332489,0.0,0.5206868258719027,0.9066526706019525,0.986908585987769,0.0765998363494873
0.12159858644008636,0.34870988864683256,0.35953429341316223,0.3655036687850952,0.3593836724758148,0.0,0.7228482249720897,0.9738565159231184,0.9793949919034991,0.07658267021179199
0.11123918741941452,0.33352539246572294,0.34323909878730774,0.3850855827331543,0.3879740536212921,0.0,0.747265874405289,0.9676573366561627,0.9821226288797809,0.07718729972839355
0.08754996955394745,0.2958884410617411,0.34338924288749695,0.35980352759361267,0.2951235771179199,0.0,0.7837836903461342,0.9728160911592659,0.9800554533762947,0.09187626838684082
0.14004459977149963,0.3742253328831436,0.36664748191833496,0.4492128789424896,0.5289471745491028,0.0,0.6097472204043494,0.9799645135663866,0.9834081674791684,0.07691717147827148
0.44943004846572876,0.670395441859302,0.30104735493659973,0.18503433465957642,0.15863606333732605,0.0,0.5929368029739777,0.8313530687048744,0.9670440562764081,0.07677364349365234
0.0588604100048542,0.24261164441315303,0.40700796246528625,0.48047301173210144,0.40045881271362305,0.0,0.8780726343306102,0.9629738701104167,0.9708779162985505,0.0775003433227539
0.0017591110663488507,0.04194175802644485,0.06315311789512634,0.056649450212717056,0.00266272877342999,0.0,1.0,1.0,1.0,0.07705569267272949
0.2069414108991623,0.4549081345713245,0.33111751079559326,0.2918686866760254,0.16544109582901,0.0,0.24450651645387997,0.9374991696669368,0.9884616917537963,0.095245361328125
0.0019392013782635331,0.04403636427162821,0.06412560492753983,0.058331869542598724,0.002858153311535716,0.0,1.0,1.0,1.0,0.07711958885192871
0.09551656991243362,0.3090575511331726,0.3790675401687622,0.3298231363296509,0.11330340802669525,0.0,0.03138230274862932,0.9187974292872445,0.997926727424567,0.07689428329467773
0.8532610535621643,0.9237213073011601,0.4131288528442383,0.3355051279067993,0.31983208656311035,0.0,0.2024516832866797,0.6118690737105472,0.9971289240487724,0.0765845775604248
0.0707334578037262,0.2659576240752015,0.4474201798439026,0.31224799156188965,0.09010345488786697,0.0,0.2814702756277753,0.6509301703845226,0.8765445784075274,0.07688546180725098
0.24684515595436096,0.49683513961309234,0.27498874068260193,0.266238272190094,0.14766208827495575,0.0,0.38702661458095566,0.9629247996243568,0.9993478416820467,0.07680201530456543
0.04093196615576744,0.2023164999592654,0.2965962588787079,0.2829509377479553,0.25487881898880005,0.0,0.9412136600487422,0.9802787889911999,0.9838307823562802,0.07755804061889648
0.3960849642753601,0.6293528138296993,0.4145650565624237,0.3754827380180359,0.31309646368026733,0.0,0.2592472257485371,0.7800528556451369,0.9809779969117297,0.07679486274719238
0.062371667474508286,0.24974320305967945,0.3167761266231537,0.3044031262397766,0.22278785705566406,0.0,0.7715908031208878,0.9760200046281425,0.9836668013663382,0.07719135284423828
0.08510477840900421,0.29172723288888236,0.4327569603919983,0.5169994831085205,0.44887325167655945,0.0,0.7381774608892395,0.9550430925410458,0.9687151129039461,0.07724380493164062
0.06359672546386719,0.25218391198462126,0.34653744101524353,0.3569197356700897,0.32895272970199585,0.0,0.8965824419415652,0.9723259973344567,0.9776052924156314,0.07760357856750488
0.0657576322555542,0.2564325101377635,0.33512353897094727,0.341726154088974,0.2926667332649231,0.0,0.8191368803677702,0.9758526068208546,0.9819856740672107,0.07715821266174316
0.35256725549697876,0.5937737409965,0.3872529864311218,0.32579153776168823,0.20336513221263885,0.0,0.01698771622287727,0.8931445228978354,0.9935888019481686,0.07720303535461426
0.2279946655035019,0.4774878694830916,0.4182736277580261,0.4169101119041443,0.28035396337509155,0.0,0.11856985112134942,0.912718549774484,0.9800341302835306,0.07727217674255371
0.06548677384853363,0.25590383711178233,0.3098726272583008,0.29915615916252136,0.24343310296535492,0.0,0.8512205452423012,0.9765119506341188,0.9854202608099779,0.07712602615356445
0.10166127234697342,0.31884364874805554,0.29975974559783936,0.2771030068397522,0.18511223793029785,0.0,0.6590079850394848,0.9799069710715943,0.9879123373433567,0.07708168029785156
0.049883197993040085,0.22334546781396772,0.403504341840744,0.48983097076416016,0.2944878041744232,0.0,0.6941292752060513,0.9651489532024734,0.9735829637072071,0.07687091827392578
0.11288076639175415,0.33597733017534703,0.21057701110839844,0.179716557264328,0.0919615775346756,0.0,0.7210789784556746,0.9975590494651446,0.9980061219561542,0.09174323081970215
0.01180447731167078,0.10864841145488865,0.18824763596057892,0.1231033056974411,0.046041253954172134,0.0,0.9522827411643386,0.9879934307608442,0.9933821512522178,0.07725286483764648
0.12495143711566925,0.35348470563189754,0.5146372318267822,0.7602746486663818,0.621479332447052,0.0,0.5261618659263115,0.8157137486262942,0.9588755856324831,0.07704806327819824
0.024890027940273285,0.15776573753598494,0.23565547168254852,0.19065645337104797,0.11813271790742874,0.0,0.9598868214918191,0.9869347375354103,0.9902615404777827,0.07725143432617188
0.026652881875634193,0.16325710359930495,0.22719961404800415,0.18663790822029114,0.09058450162410736,0.0,0.9227560646900269,0.988322102425876,0.9912702156334232,0.07716059684753418
0.06705287843942642,0.2589457055821286,0.44656187295913696,0.3364519774913788,0.09050729870796204,0.0,0.04753577883065501,0.6139565932366206,0.9280255295592569,0.0823523998260498
0.030720094218850136,0.17527148718160104,0.2730904519557953,0.24817754328250885,0.17815209925174713,0.0,0.9318347877634863,0.9851420654286778,0.9883438796752002,0.0773167610168457
0.10413459688425064,0.32269892606615636,0.17811435461044312,0.1168791726231575,0.04898349195718765,0.0,0.86318359375,0.9549055989583334,0.9952083333333334,0.07715368270874023
0.07040730863809586,0.26534375560411416,0.25395044684410095,0.22147397696971893,0.12764959037303925,0.0,0.6888733938311046,0.9900503850112135,0.9934529656087937,0.07697510719299316
0.4246596693992615,0.6516591665888399,0.3072982728481293,0.26372289657592773,0.35991835594177246,0.0,0.7693120086601232,0.9023887946455093,0.9886269876368821,0.0770714282989502
0.22093209624290466,0.47003414369905583,0.32218289375305176,0.29901430010795593,0.23828724026679993,0.0,0.574339461849074,0.964004540627632,0.9904460401000004,0.07735371589660645
0.030239535495638847,0.17389518537222026,0.33967629075050354,0.3783404529094696,0.1928834766149521,0.0,0.7469375909829198,0.9737875575152477,0.9832802063293687,0.09351038932800293
0.056589026004076004,0.23788448037666518,0.24675212800502777,0.21276597678661346,0.108298160135746,0.0,0.797502475337689,0.9900655343583494,0.9931485301958083,0.07705879211425781
0.3477352559566498,0.5896908138649014,0.6214432120323181,1.0315378904342651,1.0664784908294678,0.0,0.2693801627925043,0.5566623220805677,0.8385195031634917,0.08348560333251953
0.4992944002151489,0.7066076706455634,0.35770756006240845,0.2952670753002167,0.24071376025676727,0.0,0.22600346747924766,0.8465771776820427,0.9942865398760113,0.0773463249206543
0.07917796075344086,0.2813857863386864,0.20109128952026367,0.15481188893318176,0.11681725084781647,0.0,0.9303438263050221,0.9913812446380255,0.993931894674322,0.07735753059387207
0.1417727917432785,0.37652727888332144,0.28416258096694946,0.26029172539711,0.17264845967292786,0.0,0.4725264382189414,0.99104495673746,0.9928231916796084,0.07686305046081543
0.14341433346271515,0.3787008495669308,0.31657081842422485,0.29996049404144287,0.29626721143722534,0.0,0.573192570381476,0.9848929701815758,0.9878984119051585,0.07703018188476562
0.3288915455341339,0.5734906673470231,0.27738144993782043,0.257764607667923,0.31327930092811584,0.0,0.7063928985354546,0.969958381624697,0.9924467916973976,0.07694268226623535
0.36936187744140625,0.60775149316263,0.33298254013061523,0.26231205463409424,0.24333691596984863,0.0,0.6106080292745015,0.838403558549003,0.9827044442087399,0.07695937156677246
0.475414901971817,0.6895033734303386,0.3898617625236511,0.353437602519989,0.3209129869937897,0.0,0.36465802753331966,0.8431164959619423,0.9835273713794173,0.09170913696289062
0.3183232247829437,0.5642014044496377,0.37513455748558044,0.3678700923919678,0.372938334941864,0.0,0.5268553149780437,0.9486318456372277,0.9863449949930468,0.07670998573303223
0.35415586829185486,0.5951099631932362,0.36071065068244934,0.3492259383201599,0.3945504128932953,0.0,0.5681804595181635,0.9578874652106623,0.984390464234236,0.07677388191223145
0.6320383548736572,0.7950083992472389,0.40061426162719727,0.3266238868236542,0.2906206250190735,0.0,0.17532106248445417,0.7242069985730556,0.9943249505805962,0.07700705528259277
0.08835645020008087,0.2972481290102275,0.3845286965370178,0.4296491742134094,0.3001381754875183,0.0,0.6400870721439121,0.9590385231621479,0.9759667623085168,0.07733869552612305
0.3734104335308075,0.6110731818127904,0.30018723011016846,0.265765905380249,0.29381874203681946,0.0,0.6617279719496201,0.9473857652230651,0.9899062131327977,0.0774223804473877
0.535923957824707,0.7320682740186922,0.4088320732116699,0.32938680052757263,0.27633771300315857,0.0,0.2403684376560898,0.659421909093299,0.995734640763427,0.0775599479675293
1.0952999591827393,1.0465657930501737,0.4473091959953308,0.35358884930610657,0.415896475315094,0.0,0.17302266106908576,0.6489018498765335,0.9372359823982829,0.0772542953491211
0.317327618598938,0.5633183989529704,0.37746089696884155,0.3831254541873932,0.3947886824607849,0.0,0.4510486001939994,0.9544268655717965,0.9839348429608322,0.09104275703430176
0.27115702629089355,0.5207274011331587,0.3769482374191284,0.4277638792991638,0.8092629313468933,0.0,0.7648286740275867,0.9683357384971641,0.9751317246702689,0.0775153636932373
0.12692594528198242,0.35626667719839084,0.2654940187931061,0.20245687663555145,0.11402031779289246,0.0,0.6906439192690398,0.9260119246738424,0.99617269131624,0.07702064514160156
0.05371152609586716,0.23175747257826912,0.27679991722106934,0.2618134021759033,0.27323612570762634,0.0,0.9401372503555843,0.9840393686345216,0.9872889421063742,0.07756686210632324
0.17528676986694336,0.4186726285141451,0.3955977261066437,0.40233299136161804,0.23447836935520172,0.0,0.42420760317916306,0.792232664395836,0.9392826363524439,0.07766485214233398
0.009163852781057358,0.09572801460939925,0.25341808795928955,0.22360821068286896,0.0518193393945694,0.0,0.8240107413318052,0.9822954599215723,0.9896151578049569,0.09385251998901367
0.011815747246146202,0.10870026332142071,0.20169909298419952,0.17564477026462555,0.0308328028768301,0.0,0.8587123113918029,0.9969677351161377,0.9979917025605792,0.0781104564666748
0.1807105988264084,0.4251006925734283,0.38795676827430725,0.31205615401268005,0.163531094789505,0.0,0.33204450326854473,0.7988014216321896,0.9537028949967415,0.07727527618408203
0.02279301919043064,0.15097357116538854,0.15534202754497528,0.11476878076791763,0.06372146308422089,0.0,0.975443172200762,0.994816622374145,0.9965685644941926,0.07680392265319824
0.2166500687599182,0.4654568387723165,0.37144336104393005,0.36921221017837524,0.3327595889568329,0.0,0.6154945284728515,0.8374189726075137,0.9600404265700146,0.07706689834594727
0.21383681893348694,0.46242493329565065,0.34904152154922485,0.38862454891204834,0.4220753610134125,0.0,0.627095470824108,0.8800484309264115,0.988075925000085,0.07745838165283203
0.24246744811534882,0.4924098375493211,0.3287560045719147,0.2661370635032654,0.1509866565465927,0.0,0.3905343022990082,0.8303657127186539,0.9971956148426737,0.07683014869689941
0.08724008500576019,0.29536432588543965,0.3126642405986786,0.3561580181121826,0.22152723371982574,0.0,0.6140484806091016,0.9434011756951264,0.9931294475309057,0.09154987335205078
0.05937471240758896,0.24366926849233358,0.3714878261089325,0.4400385320186615,0.30264604091644287,0.0,0.8005879552408253,0.9719705822621295,0.978988756937439,0.07673406600952148
0.08614490181207657,0.293504517532655,0.37688595056533813,0.39945825934410095,0.14619317650794983,0.0,0.42020011855982387,0.6789308770169827,0.9722687269150343,0.07696723937988281
0.005613086745142937,0.07492053620432075,0.17478306591510773,0.13534249365329742,0.025627002120018005,0.0,0.9228981205109177,0.9931313157731274,0.9968713323155083,0.09549093246459961
0.06444519013166428,0.2538605722274814,0.2566492557525635,0.20640289783477783,0.1978822499513626,0.0,0.9146113295738773,0.984313352196262,0.9873528658740736,0.08182239532470703
0.0543009489774704,0.23302564017178537,0.2157423198223114,0.18727797269821167,0.11544393748044968,0.0,0.8473590733086511,0.9846487361815772,0.995279045622833,0.07743525505065918
0.15021751821041107,0.3875790476927398,0.2743685841560364,0.2580549120903015,0.1205291897058487,0.0,0.5706207676049667,0.907317694637088,0.9987553941088655,0.07767462730407715
0.03701865300536156,0.19240232068600824,0.38169896602630615,0.4404166340827942,0.1936953067779541,0.0,0.6065356789936454,0.947435425818132,0.9789308924617172,0.07711458206176758
0.04283321276307106,0.20696186306436037,0.34909024834632874,0.37529051303863525,0.24852575361728668,0.0,0.8362463275141616,0.975279313424086,0.9792398039523105,0.07746648788452148
0.10437483340501785,0.323070941752764,0.5322139859199524,0.8342811465263367,0.9128825664520264,0.0,0.8428265524625268,0.9373425761260117,0.9516350306681668,0.07763051986694336
0.020608555525541306,0.14355680243562582,0.33695560693740845,0.3591976761817932,0.23099790513515472,0.0,0.8961450705224675,0.9748942256345529,0.980383663135253,0.0771474838256836
0.07860668748617172,0.280368841860453,0.4347414970397949,0.571963906288147,0.5780964493751526,0.0,0.8146086712439568,0.9581839066025993,0.9688355241046399,0.07765674591064453
0.06573276221752167,0.2563840131863172,0.4858025312423706,0.6267502307891846,0.3306403160095215,0.0,0.4999083271826358,0.805150601984834,0.9595605346170661,0.07752847671508789
0.05893460288643837,0.24276450087778148,0.49377676844596863,0.6855118870735168,0.5111851692199707,0.0,0.8221925184456655,0.9443838976839914,0.9539418472626746,0.0772242546081543
0.06679034233093262,0.25843827566932226,0.36415165662765503,0.3618648052215576,0.18170489370822906,0.0,0.5789976804667182,0.9704329795459338,0.9801574471076123,0.07728362083435059
0.09576459974050522,0.30945855900347174,0.5207565426826477,0.6980192065238953,0.40381890535354614,0.0,0.37270410363031875,0.9018309683724406,0.9544461584156518,0.07764005661010742
0.03794582560658455,0.19479688294884123,0.3664546608924866,0.3657722771167755,0.16793332993984222,0.0,0.691601622813089,0.9533033049021591,0.9729708624832731,0.077056884765625
0.05953302979469299,0.24399391343780072,0.5191804766654968,0.794450044631958,0.6204258799552917,0.0,0.8324419380786938,0.9428237690188092,0.9537857913022643,0.07674455642700195
0.22196164727210999,0.47112805825179843,0.35287240147590637,0.39512574672698975,0.35360804200172424,0.0,0.5677181268791038,0.9396508092925352,0.9857648979208774,0.07756900787353516
0.5595713257789612,0.7480450025091814,0.44358590245246887,0.3489950895309448,0.3532438576221466,0.0,0.5764189935108646,0.7592658660707073,0.8321878618164193,0.07731389999389648
0.03167010843753815,0.17796097447906423,0.21484625339508057,0.1848728507757187,0.06596428155899048,0.0,0.8096099754555064,0.9959188060985005,0.9967142626798288,0.07773661613464355
0.17752020061016083,0.4213314616903903,0.4164823293685913,0.49416103959083557,0.3862548768520355,0.0,0.5104266585150752,0.9459921927429754,0.9764095753091104,0.09328126907348633
0.15708595514297485,0.3963407058869614,0.5185472965240479,0.709977388381958,0.5307539701461792,0.0,0.5122180564916118,0.9172279641146298,0.9571611330607896,0.0772097110748291
0.06285105645656586,0.25070112974728664,0.341417521238327,0.33099400997161865,0.13958638906478882,0.0,0.5330599837404122,0.8854264607118871,0.9909017001873387,0.07718729972839355
0.2587202191352844,0.5086454748990542,0.3486497700214386,0.28581392765045166,0.16433365643024445,0.0,0.2179098535846791,0.8629138835138371,0.9947888284490157,0.07779741287231445
0.01905805617570877,0.1380509187789374,0.3452484607696533,0.33173006772994995,0.1478751301765442,0.0,0.8614802949622639,0.9515527367707116,0.9741475099932176,0.0771486759185791
0.06535792350769043,0.2556519577622875,0.4401470124721527,0.5381941199302673,0.4053010940551758,0.0,0.7846599827839384,0.9479425118571404,0.9651205968234678,0.0775306224822998
0.11852244287729263,0.3442708858984341,0.334855318069458,0.3223553001880646,0.18861860036849976,0.0,0.5980543384303556,0.8338102476973979,0.9930251274255566,0.07711386680603027
0.08553866297006607,0.29246993515584824,0.41457366943359375,0.35908040404319763,0.17037484049797058,0.0,0.5913092988948989,0.822624809130671,0.8871865213903052,0.07686805725097656
0.2379569411277771,0.48780830366833355,0.44097980856895447,0.4947666823863983,0.3914128243923187,0.0,0.5446679443244384,0.8055821734258011,0.9789024053531695,0.0772857666015625
0.05315607786178589,0.23055601892335384,0.5448877215385437,0.807052731513977,0.5704089403152466,0.0,0.850995501692662,0.9260986845156204,0.9418775409253219,0.09157538414001465
0.03450002148747444,0.1857418140523949,0.306051105260849,0.2836969494819641,0.21452587842941284,0.0,0.9210843311823701,0.9771401857039997,0.9829959016813002,0.07739472389221191
0.041730914264917374,0.20428145844622653,0.5365097522735596,0.7950535416603088,0.5203391909599304,0.0,0.801323224030521,0.929226831506254,0.9465832810160815,0.07739520072937012
0.07587306201457977,0.2754506525942165,0.501399576663971,0.7151206135749817,0.3472515642642975,0.0,0.39599813428440855,0.9463559653429194,0.9646597660317265,0.07689714431762695
0.533921480178833,0.7306993090039384,0.5277663469314575,0.8079947233200073,0.9870554804801941,0.0,0.07008301108915443,0.7115373920651928,0.9375099639259536,0.07738399505615234
0.05025804042816162,0.22418305116168266,0.5784891843795776,0.8872330784797668,0.59535813331604,0.0,0.7568166602422349,0.8939005092207503,0.9259195390639264,0.07731270790100098
0.0436590276658535,0.2089474279953058,0.26653459668159485,0.21989494562149048,0.1529724895954132,0.0,0.9135715360564464,0.9685264759484359,0.9884231470180074,0.07700967788696289
0.2280729115009308,0.477569797517526,0.503832995891571,0.7463328242301941,0.8564099073410034,0.0,0.4794150433616113,0.9002512895119693,0.9633608555179776,0.07728385925292969
0.05398574098944664,0.23234831824105515,0.43205729126930237,0.5468420386314392,0.4340508282184601,0.0,0.8805033365109628,0.9580591039084843,0.9671877979027645,0.07715249061584473
0.10834088176488876,0.32915176099314547,0.2964976131916046,0.27920037508010864,0.22352787852287292,0.0,0.7664763775499764,0.981230263471992,0.9887395221628847,0.07740306854248047
0.031361546367406845,0.1770919150255224,0.20997217297554016,0.16436859965324402,0.1161327138543129,0.0,0.9472374928081361,0.9890650410559818,0.9918785980105558,0.07796597480773926
0.23073820769786835,0.480352170493554,0.2838509976863861,0.23500654101371765,0.2200767993927002,0.0,0.7404366373902133,0.9396938519447929,0.9913107486407361,0.09892511367797852
0.2004145085811615,0.44767679030876895,0.3639259338378906,0.4212411940097809,0.4288007616996765,0.0,0.47800032643924734,0.953932093974531,0.9828352914136484,0.07693791389465332
0.2703908383846283,0.5199911906798309,0.4271334111690521,0.5442106127738953,0.6851705312728882,0.0,0.5413134529598232,0.890880273104121,0.977225784242007,0.09540915489196777
0.0590643510222435,0.24303158441289785,0.2032412737607956,0.14576475322246552,0.07941410690546036,0.0,0.8128306100858117,0.9937077961939841,0.9956179878008959,0.08047699928283691
0.31840768456459045,0.564276248449809,0.45200639963150024,0.6047647595405579,0.660149335861206,0.0,0.39767349636483806,0.9076748182419035,0.9718440185062789,0.07759499549865723
0.08877459168434143,0.2979506531027268,0.3490327000617981,0.3545363247394562,0.2720295488834381,0.0,0.7856686122350847,0.9397811619186953,0.9811087182267875,0.07726550102233887
0.09318991005420685,0.3052702246440141,0.30072829127311707,0.30503299832344055,0.20576699078083038,0.0,0.7354061754571959,0.9288464086933474,0.9839683275907766,0.07734298706054688
0.41428902745246887,0.6436528780736313,0.6214603781700134,1.1026884317398071,1.2956688404083252,0.0,0.2027763965535512,0.7176691637389242,0.9472680290519006,0.07717514038085938
0.1356368511915207,0.36828908644096514,0.28072068095207214,0.2754204571247101,0.1756177842617035,0.0,0.5634951665745372,0.9910915317307304,0.9934037561850318,0.07681846618652344
0.12520328164100647,0.3538407574616108,0.305385023355484,0.3080849349498749,0.24646292626857758,0.0,0.683452899765337,0.9705363727790814,0.989054642976869,0.09332990646362305
0.33119359612464905,0.5754942190193131,0.4302794337272644,0.4582015872001648,0.3852354884147644,0.0,0.3537776647163572,0.8880564741795981,0.9831340625794963,0.07721400260925293
0.07813247293233871,0.2795218648555757,0.3567504286766052,0.3957929313182831,0.2521638572216034,0.0,0.5809014095362885,0.9797722389756535,0.985866098869866,0.07692861557006836
0.16167673468589783,0.40209045585029474,0.3252166211605072,0.2825091779232025,0.1726265549659729,0.0,0.47419693526308093,0.9263685658466568,0.9861482131228154,0.07739114761352539
0.06997843831777573,0.2645343802188587,0.2363739013671875,0.19475427269935608,0.15717452764511108,0.0,0.8681475335894726,0.9908178349317346,0.9929018472975331,0.07722234725952148
0.10478454828262329,0.32370441498784547,0.2476305067539215,0.1928490251302719,0.09530135244131088,0.0,0.5582620517759022,0.9941852909520461,0.9971642880230323,0.07669568061828613
0.03850994259119034,0.19623950313632152,0.21799656748771667,0.173792764544487,0.13765312731266022,0.0,0.9657507554729056,0.990059207197845,0.9918504642227175,0.07767343521118164
0.10711747407913208,0.3272880597869896,0.24056729674339294,0.18963199853897095,0.16435948014259338,0.0,0.7887797942627749,0.9902584260265953,0.9924061219369407,0.07727622985839844
0.23673124611377716,0.4865503531123754,0.3049581050872803,0.3139912486076355,0.29443857073783875,0.0,0.5729503788965977,0.9756001807882765,0.9900302523448041,0.07745981216430664
0.624239981174469,0.7900885907127561,0.49332091212272644,0.5502562522888184,0.5344862937927246,0.0,0.2981195485870461,0.6119705509278027,0.792257849380811,0.0783846378326416
0.14735464751720428,0.3838680079365879,0.24989232420921326,0.21226012706756592,0.14239540696144104,0.0,0.7688069227249836,0.9774530876103894,0.993176678922093,0.07707810401916504
0.15449023246765137,0.39305245510955833,0.3168259859085083,0.3138059079647064,0.22942425310611725,0.0,0.3792068674811653,0.9877289940986765,0.9906963829303216,0.07732725143432617
0.3092772960662842,0.5561270502918233,0.3706679344177246,0.3432953655719757,0.2946873605251312,0.0,0.3814270335733028,0.8774641727780395,0.9891980084774271,0.07748222351074219
0.7696941494941711,0.8773221469301747,0.44636714458465576,0.3779977262020111,0.36760368943214417,0.0,0.1380948928682058,0.45954300100837675,0.9898964601361638,0.09575462341308594
0.3793712854385376,0.615931234342388,0.29360949993133545,0.24327729642391205,0.19347001612186432,0.0,0.49273839285131493,0.9454906235517582,0.9956462993544513,0.0779566764831543
0.02173767425119877,0.1474370179134086,0.22861620783805847,0.19373486936092377,0.11673571914434433,0.0,0.9654689145285373,0.9863037311559201,0.9921157456503573,0.07724452018737793
0.16416195034980774,0.4051690392290701,0.3738898038864136,0.401505708694458,0.3014335036277771,0.0,0.577248221745512,0.8511346957208987,0.9226988540137744,0.07714986801147461
0.23111961781978607,0.4807490174922733,0.2917587459087372,0.29304155707359314,0.3486067056655884,0.0,0.7219007310839114,0.9326174894082095,0.9910345338088209,0.07723331451416016
0.4084833562374115,0.639127026683594,0.3651256859302521,0.44052302837371826,0.6437048316001892,0.0,0.5018454096416765,0.9159906708653008,0.9830065256826053,0.0768892765045166
0.21597151458263397,0.46472735510472585,0.38341596722602844,0.4309244751930237,0.4407959282398224,0.0,0.6190144780119585,0.8504786410008466,0.9657104999882891,0.07764744758605957
0.27027270197868347,0.5198775836470385,0.3610355854034424,0.33481040596961975,0.27494460344314575,0.0,0.3452743170629153,0.9257451802900931,0.9887366284709692,0.07716012001037598
0.11018463969230652,0.331940717135314,0.24794156849384308,0.2085121124982834,0.07388849556446075,0.0,0.6122740650067715,0.9981378268569643,0.9997493228461298,0.07704925537109375
0.0018712040036916733,0.04325741559191526,0.14800308644771576,0.10804574191570282,0.006490889936685562,0.0,0.966404251131667,0.9916486255986354,0.9953290034770058,0.07715845108032227
0.3910517692565918,0.6253413222045956,0.2683905363082886,0.22831152379512787,0.16548752784729004,0.0,0.440166425375957,0.9931949498506606,0.9961328272749801,0.07717561721801758
0.16168321669101715,0.40209851615122527,0.3150401711463928,0.30945703387260437,0.2465372234582901,0.0,0.5320043539726682,0.9831349930641746,0.990492277671952,0.07748532295227051
0.04094742238521576,0.20235469449759685,0.20011061429977417,0.16069447994232178,0.11843473464250565,0.0,0.964667120365402,0.9897917784554175,0.9931519847138426,0.07729053497314453
0.36074087023735046,0.6006170745469617,0.32642799615859985,0.2662043869495392,0.1693810224533081,0.0,0.2542659282484055,0.8858121461338855,0.9995702327580313,0.07703304290771484
0.2262805551290512,0.4756895575152467,0.28822770714759827,0.26693302392959595,0.22980369627475739,0.0,0.5573058301829502,0.9896796452440615,0.9927126883973587,0.08556199073791504
0.1742837280035019,0.4174730266777746,0.3318922817707062,0.3257558345794678,0.24428418278694153,0.0,0.35251808134776735,0.9793869308617168,0.9874145835135368,0.07769656181335449
0.06164184585213661,0.248277759479452,0.21264411509037018,0.1614478975534439,0.058355819433927536,0.0,0.7888196123340544,0.9868483300217618,0.9951778297623826,0.07748079299926758
0.02172769047319889,0.14740315625249986,0.2391747683286667,0.21000263094902039,0.042022086679935455,0.0,0.7132529028524818,0.9888173512320783,0.9943389583543938,0.0769798755645752
0.32635360956192017,0.5712736730866566,0.3485815227031708,0.3058258593082428,0.22504986822605133,0.0,0.2499283099145721,0.929213543090743,0.9929210208668164,0.07676076889038086
0.5761148929595947,0.7590223270494714,0.5235286355018616,0.4504126310348511,0.37322717905044556,0.0,0.00411619270625413,0.47587481675058957,0.9541046190592806,0.07710504531860352
0.07045935839414597,0.2654418173426071,0.2779805362224579,0.2623717486858368,0.2072707712650299,0.0,0.792489178359399,0.9689221243919109,0.9914498988193355,0.07706236839294434
0.42487290501594543,0.6518227558285653,0.571776807308197,1.002498745918274,1.469155192375183,0.0,0.28927681733597455,0.807213818356444,0.961458520919623,0.0812075138092041
0.30499473214149475,0.5522632815437712,0.4562634527683258,0.4990159571170807,0.4465605914592743,0.0,0.2858611844007187,0.891004834064603,0.969239101398256,0.07744789123535156
0.15890689194202423,0.3986312731610808,0.31337904930114746,0.3365515470504761,0.35076335072517395,0.0,0.7494029070652138,0.9553619276343212,0.9886469642538158,0.07725858688354492
0.19402384757995605,0.4404813816496176,0.4504958689212799,0.6453248858451843,0.6722882390022278,0.0,0.5251024279210925,0.9406790591805766,0.9750075872534143,0.07806563377380371
0.29960957169532776,0.5473660308197137,0.3960723876953125,0.444989949464798,0.6708595752716064,0.0,0.6515617077893132,0.9387941213500887,0.9754182872426219,0.0768580436706543
0.07993672788143158,0.2827308399899657,0.3856354057788849,0.44338616728782654,0.32819053530693054,0.0,0.7891515323944552,0.9697472616055763,0.9756982313054199,0.07746171951293945
0.19200626015663147,0.4381851893396575,0.322567880153656,0.3302932679653168,0.5324659943580627,0.0,0.8756340940758834,0.9789288281566728,0.9826252261275717,0.09746241569519043
0.08476341515779495,0.2911415723626479,0.3148341476917267,0.3003038465976715,0.3304953873157501,0.0,0.9493572170477959,0.9754465425939485,0.9809600027243781,0.07739090919494629
0.7005192637443542,0.8369702884477765,0.5310095548629761,0.8239477276802063,1.4058841466903687,0.0,0.26194536230550974,0.7000728785616743,0.9672400251890951,0.07719182968139648
0.06028126925230026,0.24552244144334395,0.3722616136074066,0.39821910858154297,0.4316430985927582,0.0,0.9370359064642994,0.9646862976161742,0.9719094742521261,0.0777132511138916
0.10061685740947723,0.3172016037309352,0.3737447261810303,0.4466075301170349,0.47962287068367004,0.0,0.8041563768622466,0.9730730380879591,0.9785229537851757,0.07716035842895508
0.23329921066761017,0.4830105699336301,0.40457895398139954,0.45598793029785156,0.5759021639823914,0.0,0.7226262061250175,0.9509963641448749,0.973419801426374,0.07757568359375
0.4216577410697937,0.6493517852980722,0.5750681161880493,0.9038131833076477,1.3152213096618652,0.0,0.5091251194259754,0.7949577865735956,0.8833573810127323,0.0774693489074707
1.9974538087844849,1.413313061138432,0.6278752684593201,1.0275946855545044,2.5490610599517822,0.0,0.09762683457675252,0.6218337426335657,0.8306117777596729,0.07704782485961914
0.15985675156116486,0.39982089935515486,0.342664897441864,0.3616485595703125,0.2921983003616333,0.0,0.5632571648528537,0.9637925604507122,0.9868950554641844,0.0767054557800293
0.23618058860301971,0.48598414439467025,0.3141690194606781,0.2536686956882477,0.1797296553850174,0.0,0.5229910294209899,0.9429970384212838,0.9885135648229161,0.07708549499511719
0.19407472014427185,0.4405391244194684,0.39083367586135864,0.4751206636428833,0.7350947856903076,0.0,0.7659041183675172,0.9705332529453475,0.9764334277512978,0.07713770866394043
0.08274820446968079,0.28765987636387663,0.5263338685035706,0.5966037511825562,0.2663039267063141,0.0,0.454272188923088,0.7131684576201018,0.9328032471155749,0.09555315971374512
0.029163161292672157,0.17077224977341066,0.39155423641204834,0.4645247459411621,0.2597772181034088,0.0,0.7987345981517782,0.967621114533744,0.9752914099691963,0.07775402069091797
0.8856265544891357,0.9410773371456438,0.5080976486206055,0.3942277133464813,0.3814234137535095,0.0,0.06170266206082194,0.26907984225308007,0.984365570984483,0.07686185836791992
0.1560680866241455,0.3950545362657484,0.28236648440361023,0.2711500823497772,0.34282323718070984,0.0,0.8451292272850681,0.9661088780436121,0.9871501129041871,0.07757115364074707
0.08644843101501465,0.294021140421934,0.2174709141254425,0.17146281898021698,0.06517932564020157,0.0,0.7973418456938814,0.95865238365679,0.9989033155122105,0.07749390602111816
0.13000993430614471,0.3605689036871382,0.28290292620658875,0.2725880742073059,0.1925487369298935,0.0,0.6688679276170395,0.9428545236076233,0.9897128975120404,0.07689809799194336
0.052764397114515305,0.2297050219618964,0.286909282207489,0.2926050126552582,0.25625619292259216,0.0,0.8761240756096322,0.9848713045538389,0.9883979489956509,0.07716989517211914
2.5469679832458496,1.5959222986241686,0.7536858320236206,1.3865689039230347,2.9627747535705566,0.0,0.005065409187709157,0.1868421052631579,0.6676199168441335,0.09415841102600098
0.023509522899985313,0.15332815429654567,0.1449088603258133,0.0948684886097908,0.0327254980802536,0.0,0.9327426592066632,0.9946070300865808,0.9964188072901222,0.07744216918945312
0.3891898989677429,0.6238508627610793,0.42270588874816895,0.4031989276409149,0.39514675736427307,0.0,0.4625462471090219,0.755193511910659,0.9851770115570799,0.07727694511413574
0.28263604640960693,0.5316352569286643,0.3260479271411896,0.3536868393421173,0.38894015550613403,0.0,0.6590723083848263,0.9325612800261898,0.990151546152692,0.07690882682800293
0.06137501448392868,0.24773981206888948,0.1300380975008011,0.10007971525192261,0.029394792392849922,0.0,0.9125227864583333,1.0,1.0,0.07720184326171875
0.22712558507919312,0.47657694560185465,0.24536773562431335,0.18216077983379364,0.13955111801624298,0.0,0.6638470697613728,0.9611084832569443,0.9961049764308666,0.08750128746032715
0.011886153370141983,0.10902363674975249,0.22260721027851105,0.17680887877941132,0.025776691734790802,0.0,0.738890663897653,0.9886676784216623,0.9941058615226913,0.07764339447021484
0.13344837725162506,0.3653058680771841,0.27576497197151184,0.25844866037368774,0.17676806449890137,0.0,0.5835462255782973,0.991276124286991,0.9936381485185025,0.07749605178833008
0.04928511381149292,0.22200250857027026,0.16165144741535187,0.1414659023284912,0.04720061644911766,0.0,0.7836073579684193,0.999173042487384,0.99937489825818,0.07720017433166504
0.11417010426521301,0.33789066910054355,0.23937761783599854,0.2024005800485611,0.0765693411231041,0.0,0.6346303692232456,0.9904116064878963,0.9965767381204662,0.08107638359069824
0.3072275221347809,0.5542810858533609,0.3328140377998352,0.355852872133255,0.35860738158226013,0.0,0.5166814727075313,0.9289540354686935,0.9885631559898661,0.07705283164978027
0.07721395790576935,0.27787399645481287,0.21718905866146088,0.16144311428070068,0.09777935594320297,0.0,0.7939729658270035,0.9719408656027524,0.9964648624299419,0.07723498344421387
0.29066359996795654,0.5391322657455743,0.2660095691680908,0.216323122382164,0.16204531490802765,0.0,0.5755839562526306,0.9846681914730478,0.9961303415805565,0.07681679725646973
0.1098819449543953,0.3314844565803882,0.24251890182495117,0.19233091175556183,0.13300484418869019,0.0,0.7333543277224135,0.9646109096326998,0.9960110660747603,0.07719922065734863
0.1454676240682602,0.3814021815200592,0.3425857722759247,0.32178550958633423,0.23947304487228394,0.0,0.5411619512098281,0.8965830997938676,0.9908712814285667,0.0767965316772461
0.010573537088930607,0.1028277058429809,0.27723178267478943,0.22015222907066345,0.025206785649061203,0.0,0.6533025699088946,0.9626329717204698,0.9857022486702828,0.0772397518157959
0.07647394388914108,0.27653922667343434,0.33763062953948975,0.3636280596256256,0.33848920464515686,0.0,0.8246155545888316,0.9789254172449747,0.9822364468750647,0.0770423412322998
0.9553001523017883,0.9773945734972076,0.5420255661010742,0.619762659072876,0.7160807251930237,0.0,0.2114568343546969,0.5066962154116682,0.8083963658995189,0.07727360725402832
0.0833648294210434,0.2887296822653386,0.27101707458496094,0.24276815354824066,0.18286029994487762,0.0,0.8350351063511035,0.982744787314439,0.9877452367556339,0.07708334922790527
0.07203182578086853,0.26838745458919744,0.2637200653553009,0.2566566467285156,0.14645251631736755,0.0,0.7519432809173934,0.9917015724781981,0.9933907848657557,0.07708168029785156
0.10234517604112625,0.31991432609548176,0.30819806456565857,0.2950762212276459,0.22104141116142273,0.0,0.7022566654365519,0.9820006428341845,0.9877266288108758,0.07712721824645996
0.10644401609897614,0.3262575916342425,0.3408183753490448,0.3191348612308502,0.23616202175617218,0.0,0.7472128166328518,0.9153395172727334,0.9864220233288774,0.07721471786499023
0.0671728178858757,0.2591771939925959,0.2298077791929245,0.20110279321670532,0.0896279439330101,0.0,0.7402338068952444,0.99523823530373,0.9965128325800137,0.07720303535461426
0.08115529268980026,0.28487768022398713,0.26859545707702637,0.24740342795848846,0.14975124597549438,0.0,0.6812363521905349,0.9917703299081293,0.9929703535151512,0.07719802856445312
0.0922560766339302,0.3037368542569871,0.2800475060939789,0.2607531249523163,0.13281258940696716,0.0,0.6709775305252511,0.9827226093753079,0.9908374986042785,0.09819507598876953
0.0767974928021431,0.27712360563860866,0.25901249051094055,0.24018223583698273,0.11902544647455215,0.0,0.5740325128340135,0.9945109911807293,0.9955706199815717,0.07708168029785156
0.12239168584346771,0.34984523127158346,0.29091495275497437,0.2516404688358307,0.18650051951408386,0.0,0.7000532940317264,0.9470119154927724,0.9863771243593202,0.0775907039642334
0.7589460611343384,0.8711751036010719,0.40461716055870056,0.33690744638442993,0.366115927696228,0.0,0.38453289094657345,0.7249161848306691,0.9694725370834404,0.07750701904296875
0.19770470261573792,0.44463996965605546,0.371687650680542,0.28608787059783936,0.1333073079586029,0.0,0.180947265625,0.7798404947916666,0.9776595052083333,0.07699298858642578
0.20588067173957825,0.45374075388880186,0.3226294219493866,0.29741355776786804,0.2167409211397171,0.0,0.5077070302022868,0.9737646400460932,0.9908409686188936,0.07736372947692871
0.21731460094451904,0.4661701416269805,0.387066125869751,0.42109328508377075,0.22140750288963318,0.0,0.288603515625,0.6508463541666667,0.96900390625,0.07744812965393066
0.18726786971092224,0.43274457791048315,0.3656806945800781,0.3715732991695404,0.34506505727767944,0.0,0.3970832382724066,0.9633842859900669,0.9824151910285884,0.07740998268127441
0.13522766530513763,0.36773314414822283,0.4478056728839874,0.6022774577140808,0.6930546164512634,0.0,0.6936455269138005,0.9642473755384852,0.9693987090298206,0.07753825187683105
0.11171921342611313,0.3342442421734638,0.3242306113243103,0.30421265959739685,0.19324223697185516,0.0,0.4860758613496506,0.9809338386121058,0.9889476062997601,0.09579205513000488
0.16676218807697296,0.4083652630635629,0.4723134934902191,0.6197379231452942,0.49975407123565674,0.0,0.4672619860674771,0.9265639939898921,0.9703319218685972,0.07750511169433594
0.23136600852012634,0.4810052063337011,0.32709628343582153,0.2977272868156433,0.24651740491390228,0.0,0.5624257831446204,0.9152481142646887,0.991008680236156,0.07792425155639648
1.2976759672164917,1.139155813405915,0.5188829898834229,0.43655267357826233,0.5507766604423523,0.0,0.1824211043704846,0.4622708205684121,0.8541466075047637,0.07721495628356934
0.0841950848698616,0.2901638931188055,0.23248611390590668,0.15855839848518372,0.062161460518836975,0.0,0.7466163846444436,0.9181288835046308,0.998218635611656,0.0775446891784668
0.02399127371609211,0.1548911673275533,0.22636578977108002,0.20338799059391022,0.09723692387342453,0.0,0.9209898777661046,0.9882001767638868,0.9919855920756416,0.07723259925842285
0.24242202937602997,0.4923637165511183,0.38237112760543823,0.3721092641353607,0.3210984468460083,0.0,0.5689920179780998,0.8705986693096734,0.9604149662027271,0.0772101879119873
0.18382929265499115,0.4287531838423957,0.4298093020915985,0.43188872933387756,0.2691033184528351,0.0,0.22976842874909947,0.8890529628288896,0.95769640188239,0.07725787162780762
0.3159557580947876,0.5620994201160393,0.4086262881755829,0.33629748225212097,0.2703078091144562,0.0,0.49230028057580805,0.7571238095884323,0.9328789384938474,0.0768895149230957
0.10158015042543411,0.3187164106622596,0.2827346920967102,0.23664185404777527,0.0970955565571785,0.0,0.5071805455437169,0.9645399875578904,0.9948059129644807,0.07717537879943848
0.16093073785305023,0.40116173528023613,0.3161282241344452,0.3068806529045105,0.23853285610675812,0.0,0.5970732658226147,0.9798980281178894,0.9895507389096335,0.09298443794250488
0.08843046426773071,0.29737260174355457,0.36563870310783386,0.37193235754966736,0.1710275560617447,0.0,0.2696607710160863,0.911526965381176,0.9911791417148306,0.0774381160736084
0.22882099449634552,0.47835237482043036,0.461117148399353,0.4179494082927704,0.21830123662948608,0.0,0.25284254191968414,0.5173872532745012,0.9789910716516909,0.07712864875793457
0.5416879653930664,0.7359945416870063,0.32738184928894043,0.2974741756916046,0.28156596422195435,0.0,0.23964234568598589,0.9593767963290925,0.9957967975917146,0.07716012001037598
0.08836482465267181,0.29726221531279723,0.2869146168231964,0.2608361542224884,0.20805993676185608,0.0,0.7797187729963736,0.9832437234402244,0.9886501501601045,0.0860738754272461
0.15717367827892303,0.39645135676262105,0.36654022336006165,0.36392924189567566,0.3170250654220581,0.0,0.5065135497267607,0.9462360311191239,0.9804523356880792,0.07771182060241699
0.07307907193899155,0.2703314113065508,0.3257497549057007,0.35104691982269287,0.21494096517562866,0.0,0.5716308359865881,0.9828336761432476,0.9876201008706432,0.07728314399719238
0.061715949326753616,0.24842694967888168,0.3105732202529907,0.32851722836494446,0.21761614084243774,0.0,0.7572803144381205,0.9830712407982003,0.9873480951044056,0.07742571830749512
0.1256745606660843,0.3545060798718187,0.35907191038131714,0.36480283737182617,0.3217184841632843,0.0,0.6783742681992894,0.9644852079166955,0.9770179189094037,0.07755923271179199
0.09964538365602493,0.31566657038087664,0.27818793058395386,0.23696644604206085,0.14832203090190887,0.0,0.690143404878492,0.9782778133115237,0.9910454960103176,0.07736754417419434
0.07874926179647446,0.28062298871702307,0.27095162868499756,0.2597290575504303,0.08516872674226761,0.0,0.5141276041666667,0.9104036458333333,1.0,0.09880685806274414
0.09772263467311859,0.31260619743235835,0.39987021684646606,0.4202265441417694,0.21397340297698975,0.0,0.3477385048925896,0.9180013311242335,0.9803765382273391,0.07720136642456055
0.15397830307483673,0.39240069199077204,0.33347374200820923,0.3040083050727844,0.17327755689620972,0.0,0.2942254196964562,0.9767728253465453,0.9912688372654884,0.0778045654296875
0.25900039076805115,0.50892080991845,0.34399351477622986,0.3447340130805969,0.2887721657752991,0.0,0.5025653869063735,0.9391786700601072,0.9898433692532626,0.07754802703857422
0.4257437586784363,0.6524904280358726,0.40746477246284485,0.4467843472957611,0.6083284020423889,0.0,0.4775722880208423,0.9468933719555045,0.9701797987762028,0.07769942283630371
0.1961531788110733,0.4428918364692144,0.24216455221176147,0.18916068971157074,0.09078237414360046,0.0,0.6116446070612439,0.9660316798937493,0.9999739581637901,0.07735085487365723
0.08015695959329605,0.2831200444922543,0.23834238946437836,0.21183736622333527,0.18707719445228577,0.0,0.8836275951457493,0.9896276412012592,0.9922231981604114,0.07717394828796387
0.25638505816459656,0.5063448016565357,0.38118410110473633,0.3854399025440216,0.35558000206947327,0.0,0.41445724104632337,0.950552415575563,0.9781873952682553,0.07690715789794922
0.1639149785041809,0.40486414820798955,0.2793493866920471,0.24472612142562866,0.22291597723960876,0.0,0.7073273376904851,0.9773080208907612,0.9881742467921066,0.0772392749786377
0.26221904158592224,0.5120732775550021,0.4211127758026123,0.43886223435401917,0.40036606788635254,0.0,0.5436249090168245,0.8294182997203464,0.9759177546919457,0.07725238800048828
0.1846599280834198,0.4297207559374108,0.36921510100364685,0.32907170057296753,0.20195455849170685,0.0,0.47464594091180595,0.867795555838308,0.9841976722404244,0.07732200622558594
0.40134692192077637,0.6335194724085254,0.40756988525390625,0.4341493248939514,0.3768691420555115,0.0,0.32185860038892883,0.7594701510429154,0.9871566903753429,0.07749819755554199
0.0563340038061142,0.23734785401623962,0.3158302903175354,0.282914400100708,0.08377151191234589,0.0,0.18871922588723353,0.9738155599968353,0.9939320346603281,0.07769012451171875
0.03313661739230156,0.18203465986537168,0.19382737576961517,0.1699943244457245,0.05421340838074684,0.0,0.7629241355929993,0.9976529724126466,0.9984809515892963,0.07687020301818848
0.27400168776512146,0.5234517052843762,0.47739943861961365,0.5349364876747131,0.47803735733032227,0.0,0.5476970736577997,0.7714653899656075,0.9601969669815749,0.07747650146484375
0.1495438665151596,0.3867090204729644,0.35806962847709656,0.349584698677063,0.19288265705108643,0.0,0.3532703992599289,0.9258246956667998,0.9859008052477767,0.07837939262390137
0.11860396713018417,0.3443892668626364,0.4239206910133362,0.5256707072257996,0.6869156956672668,0.0,0.8494705234925146,0.9561316335944207,0.968088933531375,0.07711291313171387
0.0944652110338211,0.30735193351241685,0.420134037733078,0.4522377848625183,0.33587953448295593,0.0,0.7001868579014199,0.9178222036246104,0.9637142156296895,0.09387493133544922
0.21334126591682434,0.4618888025454009,0.45555782318115234,0.5490204691886902,0.49898627400398254,0.0,0.45718019968092993,0.8759746241938987,0.9739051627931362,0.07772445678710938
0.5926980972290039,0.7698688831411514,0.5995079874992371,0.767767608165741,0.7335507273674011,0.0,0.1886729485669415,0.41728504122497057,0.6983968067006936,0.07690191268920898
0.45151376724243164,0.6719477414519909,0.49139559268951416,0.6379968523979187,0.8756741881370544,0.0,0.43975218708513464,0.8263573543928924,0.9646968717023522,0.0769646167755127
0.5651370286941528,0.7517559635241697,0.4915241003036499,0.593336820602417,0.7987314462661743,0.0,0.44268896000755403,0.7772779237246696,0.9612384539896335,0.07709884643554688
0.05210042744874954,0.22825518055183225,0.29875919222831726,0.2946787178516388,0.2218276411294937,0.0,0.8377772669808068,0.9800884955752213,0.986499396621078,0.08284640312194824
0.2435397356748581,0.4934974525515386,0.41032645106315613,0.38247689604759216,0.27594712376594543,0.0,0.32260836947773613,0.7946633745215647,0.9868678371262195,0.07703638076782227
0.18016698956489563,0.4244608221790271,0.33548107743263245,0.2847613990306854,0.24412290751934052,0.0,0.6869507179205714,0.9182573401364693,0.9594556136035615,0.07690882682800293
0.35820770263671875,0.5985045552347273,0.4611690044403076,0.47236064076423645,0.4161037504673004,0.0,0.14240840257444148,0.9124906533239227,0.9520087491876253,0.07712125778198242
0.2825716733932495,0.5315747110174162,0.3220967650413513,0.30080628395080566,0.31130942702293396,0.0,0.6758858428192578,0.9352783221809252,0.9782552997507761,0.0775918960571289
0.2760005295276642,0.5253575254316475,0.46789613366127014,0.6964004039764404,0.8681209087371826,0.0,0.5590126232567708,0.9298924304545254,0.9718621875413305,0.07740163803100586
0.01217593438923359,0.11034461649411624,0.1120261549949646,0.09412629902362823,0.012381196953356266,0.0,0.9736997279731556,0.9995569383134336,0.9998924923848772,0.07728695869445801
0.3461396396160126,0.5883363320550692,0.4250803291797638,0.35790127515792847,0.2530001997947693,0.0,0.1687241180479111,0.7423468050532054,0.977902054830424,0.07728743553161621
0.05359087511897087,0.231497030475492,0.19915689527988434,0.1620045155286789,0.047876209020614624,0.0,0.7740378657936099,0.9934064214020648,0.9974108301648068,0.07672977447509766
0.1804186999797821,0.4247572247528959,0.2638433873653412,0.19628039002418518,0.13169820606708527,0.0,0.7070676977272579,0.9111004891208266,0.9952561172842336,0.07759857177734375
0.14779163897037506,0.3844367815003854,0.3203502595424652,0.2680438458919525,0.15206104516983032,0.0,0.4974043433987128,0.958050196005351,0.9714877105643224,0.07704710960388184
0.11082201451063156,0.3328994059932093,0.32535475492477417,0.34416112303733826,0.2340768575668335,0.0,0.5877151025839282,0.9584305827774081,0.9908438674410659,0.08113455772399902
0.05435296893119812,0.23313723197121072,0.41638630628585815,0.5023558139801025,0.33565473556518555,0.0,0.7694815390827114,0.9484156061670979,0.9619790342599931,0.07706522941589355
0.2295141965150833,0.4790763994553304,0.5150234699249268,0.7106026411056519,0.8731045722961426,0.0,0.5980549062550452,0.9332554172720955,0.9487333375450123,0.07732105255126953
0.04543932527303696,0.2131650188774813,0.5385716557502747,0.8020973801612854,0.532177209854126,0.0,0.7992554722787512,0.9150493870055095,0.9479376582121407,0.07760334014892578
0.05213887616991997,0.2283393881263589,0.5942282676696777,1.0436517000198364,0.7933464050292969,0.0,0.7707786977928894,0.9257723696582807,0.9395355664969907,0.07753133773803711
0.0867719054222107,0.29457071378908445,0.364235520362854,0.39069947600364685,0.31817659735679626,0.0,0.7836655783361387,0.9674109225122184,0.9782063501720374,0.07701992988586426
0.2909107506275177,0.5393614285685598,0.35016652941703796,0.3029482364654541,0.22768616676330566,0.0,0.5829442309546438,0.8290187733289258,0.9827176562951944,0.09335803985595703
0.06357573717832565,0.2521422954966613,0.4333796501159668,0.5266376733779907,0.4182031750679016,0.0,0.8023996444971115,0.9583843329253366,0.9673225798906985,0.07712292671203613
0.05154331400990486,0.22703152646693114,0.44560322165489197,0.556501567363739,0.4306966960430145,0.0,0.8357215241534114,0.947401005080742,0.9604193254960555,0.07766222953796387
0.05007968097925186,0.22378489890797337,0.46546679735183716,0.6418570876121521,0.6162768006324768,0.0,0.8730941573556797,0.9547253258845437,0.961875872905028,0.08326482772827148
0.0785720944404602,0.28030714304216403,0.34267744421958923,0.3726206421852112,0.2150074690580368,0.0,0.6060487636862221,0.9691037470276143,0.9841163651778795,0.07683372497558594
0.018669715151190758,0.1366371660683533,0.25875091552734375,0.21948304772377014,0.05911901965737343,0.0,0.7991584969013618,0.9100842193987881,0.9913362488859411,0.08478236198425293
0.08125856518745422,0.2850588802115349,0.4850294291973114,0.6023551225662231,0.30335861444473267,0.0,0.5154405470741503,0.870907055713896,0.9573045122329769,0.07705807685852051
0.05985138937830925,0.24464543604635106,0.42563506960868835,0.5251479744911194,0.23264077305793762,0.0,0.3262947432226429,0.8031049410359755,0.9822813898049008,0.07738661766052246
